{
    "model_name": "mobilenet_v2_4",
    "profiling": {
        "read_index_sec": 0.0013363361358642578,
        "instantiate_model_sec": 0.050299644470214844,
        "load_params_sec": 0.04365038871765137,
        "assign_params_sec": 0.037695884704589844,
        "dispatch_model_sec": 0.007832050323486328,
        "total_sec": 0.14081907272338867
    },
    "loading_time_sec": 0.1414957046508789,
    "inference_time_sec": 0.031450748443603516,
    "throughput": 31.795745713116123,
    "output_info": "torch.Size([1, 1000])"
}