{
    "model_name": "mobilenet_v2_25",
    "profiling": {
        "read_index_sec": 0.0009264945983886719,
        "instantiate_model_sec": 0.04844546318054199,
        "load_params_sec": 0.04062151908874512,
        "assign_params_sec": 0.03905630111694336,
        "dispatch_model_sec": 0.010030508041381836,
        "total_sec": 0.1390857696533203
    },
    "loading_time_sec": 0.14011597633361816,
    "inference_time_sec": 0.03324413299560547,
    "throughput": 30.08049571129407,
    "output_info": "torch.Size([1, 1000])"
}