{
    "model_name": "mobilenet_v2_7",
    "profiling": {
        "read_index_sec": 0.0010924339294433594,
        "instantiate_model_sec": 0.04900312423706055,
        "load_params_sec": 0.04309701919555664,
        "assign_params_sec": 0.039543867111206055,
        "dispatch_model_sec": 0.010140180587768555,
        "total_sec": 0.1428818702697754
    },
    "loading_time_sec": 0.14383316040039062,
    "inference_time_sec": 0.03231620788574219,
    "throughput": 30.94422475358555,
    "output_info": "torch.Size([1, 1000])"
}