{
    "model_name": "mobilenet_v2_9",
    "profiling": {
        "read_index_sec": 0.0012412071228027344,
        "instantiate_model_sec": 0.048996925354003906,
        "load_params_sec": 0.057259321212768555,
        "assign_params_sec": 0.036734580993652344,
        "dispatch_model_sec": 0.008347034454345703,
        "total_sec": 0.15258359909057617
    },
    "loading_time_sec": 0.15332555770874023,
    "inference_time_sec": 0.033106327056884766,
    "throughput": 30.20570654913653,
    "output_info": "torch.Size([1, 1000])"
}