{
    "model_name": "mobilenet_v2_1",
    "profiling": {
        "read_index_sec": 0.000926971435546875,
        "instantiate_model_sec": 0.047321319580078125,
        "load_params_sec": 0.04773592948913574,
        "assign_params_sec": 0.03750181198120117,
        "dispatch_model_sec": 0.008746623992919922,
        "total_sec": 0.14223718643188477
    },
    "loading_time_sec": 0.14307546615600586,
    "inference_time_sec": 0.035454750061035156,
    "throughput": 28.204965435618796,
    "output_info": "torch.Size([1, 1000])"
}