{
    "model_name": "mobilenet_v2_27",
    "profiling": {
        "read_index_sec": 0.0009217262268066406,
        "instantiate_model_sec": 0.04815268516540527,
        "load_params_sec": 0.052162885665893555,
        "assign_params_sec": 0.037474632263183594,
        "dispatch_model_sec": 0.007766008377075195,
        "total_sec": 0.14648914337158203
    },
    "loading_time_sec": 0.1472780704498291,
    "inference_time_sec": 0.030531644821166992,
    "throughput": 32.75290295879243,
    "output_info": "torch.Size([1, 1000])"
}