{
    "model_name": "mobilenet_v2_5",
    "profiling": {
        "read_index_sec": 0.0012404918670654297,
        "instantiate_model_sec": 0.04956459999084473,
        "load_params_sec": 0.044826507568359375,
        "assign_params_sec": 0.03700685501098633,
        "dispatch_model_sec": 0.008864879608154297,
        "total_sec": 0.14150786399841309
    },
    "loading_time_sec": 0.14214277267456055,
    "inference_time_sec": 0.03103947639465332,
    "throughput": 32.21703830584765,
    "output_info": "torch.Size([1, 1000])"
}