{
    "model_name": "mobilenet_v2_15",
    "profiling": {
        "read_index_sec": 0.0009326934814453125,
        "instantiate_model_sec": 0.04886198043823242,
        "load_params_sec": 0.04331374168395996,
        "assign_params_sec": 0.037782907485961914,
        "dispatch_model_sec": 0.007723331451416016,
        "total_sec": 0.13861918449401855
    },
    "loading_time_sec": 0.1394033432006836,
    "inference_time_sec": 0.030143022537231445,
    "throughput": 33.17517341749124,
    "output_info": "torch.Size([1, 1000])"
}