{
    "model_name": "mobilenet_v2_13",
    "profiling": {
        "read_index_sec": 0.0009882450103759766,
        "instantiate_model_sec": 0.04968142509460449,
        "load_params_sec": 0.045601606369018555,
        "assign_params_sec": 0.03878140449523926,
        "dispatch_model_sec": 0.007965326309204102,
        "total_sec": 0.14302372932434082
    },
    "loading_time_sec": 0.14385247230529785,
    "inference_time_sec": 0.030205965042114258,
    "throughput": 33.106043743537526,
    "output_info": "torch.Size([1, 1000])"
}