{
    "model_name": "mobilenet_v2_2",
    "profiling": {
        "read_index_sec": 0.0009419918060302734,
        "instantiate_model_sec": 0.048455238342285156,
        "load_params_sec": 0.05071902275085449,
        "assign_params_sec": 0.03618669509887695,
        "dispatch_model_sec": 0.008840799331665039,
        "total_sec": 0.14514827728271484
    },
    "loading_time_sec": 0.1457822322845459,
    "inference_time_sec": 0.03568625450134277,
    "throughput": 28.021993733255833,
    "output_info": "torch.Size([1, 1000])"
}